1	Physics	Wartburg (marque)	68	The Wartburg was a car marque known for its East German manufactured models, but has its origins dating to 1898. The name derives from Wartburg Castle on one of the hills overlooking the town of Eisenach where the cars were made. From the 1950s, Wartburgs were a three-cylinder two-stroke engine with only seven major moving parts. Production ended in April 1991, and the factory was acquired by Opel.
2	Physics	Volkswagen	58	Volkswagen, shortened to VW, is a German automaker founded in 1937 by the German Labour Front, a Nazi labour union, and headquartered in Wolfsburg. It is the flagship marque of the Volkswagen Group, the largest automaker by worldwide sales in 2016 and 2017. The group's biggest market is in China, which delivers 40% of its sales and profits.
3	Physics	Trabant	130	The Trabant is an automobile which was produced from 1957 to 1990 by former East German car manufacturer VEB Sachsenring Automobilwerke Zwickau. It is often seen as symbolic of the former East Germany and the collapse of the Eastern Bloc in general. The Trabant had a duroplast body mounted on a one-piece steel chassis, front-wheel drive, a transverse engine, and independent suspension – unusual features in 1957 but it remained much the same until 1989 when it acquired a (licensed) Volkswagen engine; its discontinuation followed in 1991. The 1980s model had no tachometer, no indicator for either the headlights or turn signals, no fuel gauge, no rear seat belts, and no external fuel door, and drivers had to pour a mix of gasoline and oil directly under the bonnet/hood.
4	Physics	StreetScooter	23	StreetScooter GmbH is an electric vehicle manufacturer located in Aachen, Germany. The company has been owned by Deutsche Post DHL Group since 2014.
5	Physics	Smart (marque)	65	Smart is a German automotive brand and division of Daimler AG. The company is based in Böblingen, Germany. It produces microcars and subcompacts, primarily the Fortwo and Forfour. The primary assembly plant is the Smartville in Hambach, France. A second plant exists in Novo Mesto, Slovenia. Marketed in 46 countries around the world, production of the Fortwo had surpassed 1.7 million units by early 2015.
6	Physics	Ruf Automobile	156	Ruf Automobile GmbH is a German car manufacturer that manufactures and engineers original vehicles using unmarked Porsche chassis, specifically known as bodies in white. The cars are built from the ground up as completely new cars, using these bare chassis, and assembled using Ruf-made parts and materials, instead of badge engineering or disassembly of existing cars. This means the company is officially recognized as a manufacturer by the German government. As such, all Ruf models have certified Ruf VIN and serial numbers, and are recognized as production models, rather than modified Porsches. Ruf is historically known for its record breaking 211 mph CTR, and is the largest, most renowned company to make Porsche performance enhancements. Though primarily a manufacturer, Ruf has also made a name for itself operating as a car tuner, a specialist in customer-requested Porsche-to-Ruf conversions, and a restorer of classic Porsche and Ruf models. Ruf carries out service and crash repair, as well.
7	Physics	Porsche SE	68	Porsche Automobil Holding SE, usually shortened to Porsche SE, is a German holding company with investments in the automotive industry. Porsche SE is headquartered in Zuffenhausen, a city district of Stuttgart, Baden-Württemberg and is majority owned by the Austrian Porsche and Piëch families. The company was founded in Stuttgart as Dr. Ing. h.c. F. Porsche GmbH in 1931 by Ferdinand Porsche (1875–1951) and his son-in-law Anton Piëch (1894–1952).
8	Physics	Porsche	60	Dr.-Ing. h.c. F. Porsche AG, usually shortened to Porsche AG, is a German automobile manufacturer specializing in high-performance sports cars, SUVs and sedans. The headquarters for Porsche AG is in Stuttgart, and is owned by Volkswagen AG, which itself is majority owned by Porsche Automobil Holding SE. Porsche's current lineup includes the 718 Boxster/Cayman, 911, Panamera, Macan, Cayenne and Taycan.
9	Physics	Opel Eisenach	26	Opel Eisenach GmbH is a German manufacturing company based at Eisenach in Thuringia, Germany and a subsidiary of Opel. It currently produces the Opel Grandland X.
10	Physics	Opel	67	Opel Automobile GmbH is a German automobile manufacturer, a subsidiary of French automaker Groupe PSA since August 2017. From 1929 until 2017, Opel was owned by American automaker General Motors. Opel vehicles are sold in the United Kingdom under the Vauxhall brand. Some Opel vehicles are badge-engineered in Australia under the Holden brand, and in North America and China under the Buick, Saturn, and Cadillac brands.
11	Physics	NSU Motorenwerke	53	NSU Motorenwerke AG, or NSU, was a German manufacturer of automobiles, motorcycles and pedal cycles, founded in 1873. Acquired by Volkswagen Group in 1969, VW merged NSU with Auto Union, creating Audi NSU Auto Union AG, ultimately Audi. The name NSU originated as an abbreviation of "Neckarsulm", the city where NSU was located.
12	Physics	Mercedes (marque)	112	Mercedes was a brand of the Daimler-Motoren-Gesellschaft (DMG). DMG began to develop in 1900, after the death of its co-founder, Gottlieb Daimler. Although the name was not lodged as a trade name until 23 June 1902 and not registered legally until 26 September, the brand name eventually would be applied to an automobile model built by Wilhelm Maybach to specifications by Emil Jellinek that was delivered to him on 22 December 1900. By Jellinek's contract, the new model contained a newly designed engine designated "Daimler-Mercedes". This engine name is the first instance of the use of the name, Mercedes, by DMG. The automobile design would later be called the Mercedes 35 hp.
13	Physics	Melkus	78	Melkus was a marque of single seat racing cars and sport cars founded by the race driver Heinz Melkus in Dresden in East Germany. The company existed from 1959 to 1986, and then from 2009 to 2012. The cars originally used engines from Wartburgs and many of the other parts came from Wartburgs and Trabants. The racing cars competed in Formula 3, Formula Junior and Formula Ford. The 2009 to 2012 models used engines from Toyota and Volkswagen.
14	Physics	Maybach	44	Maybach Motorenbau is a German car brand that today exists as a part of Mercedes-Benz. The company was founded in 1909 by Wilhelm Maybach and his son, originally as a subsidiary of Luftschiffbau Zeppelin GmbH, and it was known as Luftfahrzeug-Motorenbau GmbH until 1999.
15	Physics	Markranstädter Automobilfabrik	19	The Markranstädter Automobilfabrik is a former producer of automobiles from Markranstädt, Germany, which was active between 1909 and 1923.
16	Physics	Lotec	49	Lotec is a German sports car manufacturer. The company was founded in 1962 by Kurt Lotterschmid. By 1969, the firm began building race cars, and would turn their attention to modifications for Porsches in 1975. In 1983, they began to create aftermarket aerodynamic and performance parts for Mercedes-Benz cars.
17	Physics	Koenig Specials	93	Koenig Specials GmbH is a German tuning house based in Munich that specialised in modifications to European luxury cars but gained notability in the 1980s and 1990s for their performance modifications to Ferraris. Some of its most notable works included a twin-turbo Ferrari Testarossa that produced 1,000 bhp, a highly unusual output for cars at the time, as well as the 850 bhp Ferrari F50. Koenig also entered into automobile production with its road-going version of the Porsche 962 known as the Koenig C62, therefore becoming the first road-legal Group C-based car.
18	Physics	Karmann	28	Wilhelm Karmann GmbH, known commonly as Karmann, in Osnabrück, Germany, was until its 2009 insolvency proceedings the largest independent motor vehicle manufacturing company respectively contract manufacturer in Germany.
19	Physics	Isdera	93	Isdera AG or Ingenieurbüro für Styling, Design und Racing is a privately run specialty automaker and design service provider based in Saarwellingen, Germany with a design studio in Munich, Germany and a subsidiary in Shanghai, China. The company was formerly based in Leonberg, Germany. Each high-performance sports car is hand-built by a small team of craftsmen, and the only way to purchase a brand new Isdera was to call the CEO directly. Each vehicle is custom built for its original buyer, and a waiting period of twelve months is to be expected.
20	Physics	HQM Sachsenring GmbH	82	HQM Sachsenring GmbH is a Zwickau-based company that supplies chassis and body parts to the automotive industry. The company was named after the Sachsenring race track. Founded as VEB Sachsenring after the end of World War II, Sachsenring was one of the few manufacturers of vehicles in East Germany, its best known product being the Trabant. Following the reunification of Germany in 1990, Sachsenring transitioned from a government-owned company under a centrally-planned economy to a private corporation in a free market economy.
21	Physics	Hofele-Design	39	HOFELE-Design GmbH, founded 1983 in Donzdorf, Germany, is a specialist German tuning company for Mercedes-Benz. HOFELE-Design is recognised by SAE International as a vehicle manufacturer and has been awarded a Worldwide Manufacturers Identification (WMI) code by the Kraftfahrt-Bundesamt (KBA).
22	Physics	Grade Automobilwerke	25	Grade Automobilwerke AG was an automobile manufacturing company established by the German aviation pioneer Hans Grade in 1921 and was closed in the late 1920s.
23	Physics	Fuldamobil	113	 Fuldamobil  is the name of a series of small cars produced by Elektromaschinenbau Fulda GmbH of Fulda, Germany, and Nordwestdeutscher Fahrzeugbau (NWF) of Wilhelmshaven between 1950 and 1969. Various designated versions of the car were produced, although the vehicles produced under each designation were not always identical and the designations were sometimes misapplied. Though overall numbers produced were relatively small, the cars attracted sufficient attention to see licensed construction on four continents including Europe. In its ultimate configuration it is said to have inspired the term "bubble car". It is acknowledged as the first car in the world to feature a negative scrub radius, now recognised as a major advance in driving safety.
24	Physics	Ford of Europe	23	Ford of Europe AG is a subsidiary company of Ford Motor Company founded in 1967 in Cork, Ireland, with headquarters in Cologne, Germany.
25	Physics	Ford Germany	30	Ford-Werke GmbH is a German car manufacturer headquartered in Niehl, Cologne, North Rhine-Westphalia and a subsidiary of Ford of Europe, which in turn is a subsidiary of Ford Motor Company.
26	Physics	Espenlaub (automobile)	84	The Espenlaub line of automobiles was a series of innovative and unusual vehicles created by Gottlob Espenlaub, a German inventor, between 1928 and 1953. Although Espenlaub was mainly known for his work on gliders and rocket propulsion, he also worked as a pioneer of aerodynamics and lightweight construction. The early experimental cars were unusual and unique. Plans to launch a range of elegant, sporty coupés in the early 1950s fell through for economic reasons, and only a few pre-production vehicles were available for testing.
27	Physics	E.GO Mobile	38	e.GO Mobile AG based in Aachen, Germany, in an electric vehicle start-up founded in 2015 by RWTH Aachen-professor Günther Schuh. Schuh co-founded the electric van company StreetScooter in 2010, which was acquired by Deutsche Post AG in 2014.
28	Physics	Durkopp Adler	57	Durkopp Adler is a German manufacturer of material handling systems and industrial sewing machines that are used in the manufacture of garment and upholstery. It is headquartered in Bielefeld, Germany. The firm is a result of a merger in 1990 between Koch Adler Nahmaschinenwerke and Durkoppwerke. It has operations in nearly 10 countries and has 11 subsidiaries.
29	Physics	Daimler AG	54	Daimler AG is a German multinational automotive corporation, headquartered in Stuttgart, Baden-Württemberg. Daimler-Benz was formed with the merger of Benz & Cie and Daimler Motoren Gesellschaft in 1926. The company was renamed DaimlerChrysler upon acquiring the American automobile manufacturer Chrysler Corporation in 1998, and was again renamed Daimler upon divesting of Chrysler in 2007.
30	Physics	CityEl	22	The CityEl is a 3-wheel lightweight electric car originally designed and manufactured in Denmark, but currently made in Germany by Citycom GmbH.
31	Physics	Brennabor	33	Brennabor-Werke AG was a German manufacturer of infant buggies, bicycles, motorcycles and, for two decades, of powered motor vehicles. It was based in Brandenburg an der Havel and operated between 1871 and 1945.
32	Physics	Borgward Group	115	Borgward Group AG is a German-based automobile brand established in May, 2008. The company is headquartered in Stuttgart, Germany, and carries the identity of former German brand Borgward. It has started its business with a fleet of conventional SUVs with German design and engineering, with sales reaching approx. 75,000 units by January 2018 and has branches in China, Russia, India, Brazil and Mexico. However, the company aspires to become one of the leading electric-vehicle manufacturers in the next decade. Full electric models, BXi7 and GT SUV BX6 were officially launched on May 9, 2018, in Beijing, China, and at the Frankfurt Motor Show 2017 presented the Isabella concept, its vision of a full-electric 4-door coupé.
33	Physics	BMW	51	Bayerische Motoren Werke AG, translated in English as Bavarian Motor Works, commonly referred to as BMW, is a German multinational company which produces automobiles and motorcycles. The company was founded in 1916 as a manufacturer of aircraft engines, which it produced from 1917 until 1918 and again from 1933 to 1945.
34	Physics	Bitter (automobile)	44	Erich Bitter Automobil GmbH (Bitter) is a premium sports-luxury automobile marque produced in Germany and later Austria. Founder Erich Bitter, a former racing driver turned automobile tuner, importer and ultimately designer began crafting his own vehicles after business ventures with Italian manufacture Intermeccanica ended.
35	Physics	Basse und Selve	73	Basse und Selve (BuS) were German manufacturers of engines for automobiles, motorcycles, boats, aircraft and railcars, supplying engines for Selve cars built at the Selve Automobilwerke AG, but also various other manufacturers of automobiles and commercial vehicles, such as Beckmann, Mannesmann, and Heim. The Altena factory was founded in 1908 by Gustav Selve, employing 2,000 workers, with Dr. Walther von Selve taking over the firm on the death of Gustav Selve, his father.
36	Physics	Auto 5000	17	Auto 5000 GmbH was a German vehicle manufacturing company set up inside the Volkswagen complex in Wolfsburg.
37	Physics	Audi	41	Audi AG is a German automobile manufacturer that designs, engineers, produces, markets and distributes luxury vehicles. Audi is a member of the Volkswagen Group and has its roots at Ingolstadt, Bavaria, Germany. Audi-branded vehicles are produced in nine production facilities worldwide.
38	Physics	Artega Automobile	82	Artega Automobil GmbH & Co. KG is a German sports car manufacturer based in Delbrück, Germany. Founded by Klaus Dieter Frers in 2006, the company's first product was a mid-engined sports coupé released in 2007. In early 2010 a private equity and venture capital firm that already held a stake in Artega took full control. Artega filed for bankruptcy in July 2012. It was reacquired by a company under Frers' control that same year and eventually resumed production, specializing in electric vehicles.
39	Physics	Apollo Automobil	45	Apollo Automobil is a German sports car manufacturer headquartered in Denkendorf. Roland Gumpert, the founder of Apollo, once held the position of director of Audi Sport. Under his management, Audi won a total of 25 World Rally Championship rallies and four World Rally Championship titles.
40	Physics	Apal	13	For the small Russian plastics company who builds an SUV see: APAL Stalker
41	Physics	Alpina	31	Alpina Burkard Bovensiepen GmbH & Co. KG is an automobile manufacturing company based in Buchloe, in the Ostallgäu district of Bavaria, Germany that develops and sells high-performance versions of BMW cars.
1	Physics	Zimmer (automobile)	24	Zimmer was an American automaker, based in Syracuse, New York. The original company was founded in 1978 as Zimmer Motorcars Corporation by Paul Zimmer.
2	Physics	Wildfire (motor company)	34	Wildfire Motors was a company based in Steubenville, Ohio, specializing in the sales of scooters, motorcycles, ATVs, cyclecars, and electric vehicles. The vehicles are manufactured in China and are distributed throughout the United States.
3	Physics	Wikispeed	38	Wikispeed is an automotive manufacturer that produces modular design cars. Wikispeed competed in the Progressive Automotive X Prize competition in 2010. The car debuted at the North American International Auto Show (NAIAS) in Detroit, Michigan in January 2011.
4	Physics	WaterCar	135	WaterCar is an American company that specializes in the manufacture and development of luxury amphibious vehicles. Based in Southern California, the company was founded by Dave March in 1999 when he was inspired by the Amphicar of the 1960s. March claims he originally had no plans to market an amphibious vehicle — just merely to build one. In 2013, the company released its first commercial vehicle, the Panther, which holds a top speed of 80 mph (130 km/h) on land and 45 mph (72 km/h) on water. The company holds 27 amphibious related patents as well as the Guinness World Record for the fastest amphibious vehicle. WaterCar vehicles are designed and manufactured at Fountain Valley BodyWorks, an 85,000 square feet (7,900 m2) collision repair auto body shop in Southern California, owned and operated by March.
5	Physics	Volkswagen Group of America	58	Volkswagen Group of America, Inc., is the North American operational headquarters, and subsidiary of the Volkswagen Group of automobile companies of Germany. VWoA is responsible for five marques: Audi, Bentley, Bugatti, Lamborghini, and Volkswagen cars. It also controls VW Credit, Inc., Volkswagen's financial services and credit operations. The company is headquartered in unincorporated Fairfax County, Virginia, near Herndon.
6	Physics	Tucker 48	90	The Tucker 48 is an automobile conceived by Preston Tucker while in Ypsilanti, Michigan and briefly produced in Chicago, Illinois in 1948. Only 51 cars were made including their prototype before the company was forced to declare bankruptcy and cease all operations on March 3, 1949, due to negative publicity initiated by the news media, a Securities and Exchange Commission investigation and a heavily publicized stock fraud trial. Speculation exists that the Big Three automakers and Michigan Senator Homer S. Ferguson also had a role in the Tucker Corporation's demise.
7	Physics	Tesla, Inc.	99	Tesla, Inc., is an American automotive and energy company based in Palo Alto, California. The company specializes in electric car manufacturing and, through its SolarCity subsidiary, solar panel manufacturing. It operates multiple production and assembly plants, such as Gigafactory 1 near Reno, Nevada, and its main vehicle manufacturing facility at Tesla Factory in Fremont, California. As of 2019, Tesla sells Model S, Model X, and Model 3 cars. It is accepting reservations for the Model Y, Roadster (2020),, Cybertruck, and Semi vehicles. Tesla also sells Powerwall, Powerpack, and Megapack batteries, solar panels, solar roof tiles, and some related products.
8	Physics	Terrafugia	59	Terrafugia is a Chinese-owned corporation, based in Woburn, Massachusetts, United States that is developing a roadable aircraft called the Transition and a flying car called the TF-X. The Transition and TF-X are designed to be able to fold their wings, enabling the vehicles to also operate as street-legal road vehicles. First delivery of the Transition is expected in 2019.
9	Physics	Superformance	100	Superformance LLC is an American automobile company that builds, designs, develops, engineers and markets sports cars, related performance components and full replicars. The company was founded as "Superformance International Inc." by Hi-Tech Automotive Ltd. in 1996. Today, Superformance has 15 authorized dealers in the United States and 6 international dealers. SPF cars are sold as "turnkey-minus replacers". In December, 2005 Hi-Tech Automotive transferred the ownership of its subsidiary, Superformance, to American Hillbank Automotive Group, which is a privately owned business of American entrepreneur Lance Stander. Hi-Tech Automotive continue to build Superformance cars at its plant in Port Elizabeth, South Africa.
10	Physics	Subaru of America	48	Subaru of America, Inc., based in Camden, New Jersey, is the United States-based distributor of Subaru's brand vehicles, a subsidiary of Subaru Corporation of Japan. The company markets and distributes Subaru vehicles, parts and accessories through a network of more than 600 dealers throughout the United States.
11	Physics	Stutz Motor Company	31	The Stutz Motor Car Company of America, Inc., was an American producer of high-end sports and luxury cars based in Indianapolis, Indiana, USA. Production began in 1911 and ended in 1935.
12	Physics	Studebaker	51	Studebaker was an American wagon and automobile manufacturer based in South Bend, Indiana. Founded in 1852 and incorporated in 1868 as the Studebaker Brothers Manufacturing Company, the firm was originally a producer of wagons, buggies, carriages and harnesses. Studebaker continued to manufacture other diversified products after automobile production ceased in 1966.
13	Physics	Stout Motor Car Company	41	William Bushnell Stout was a pioneering American inventor, engineer, developer and designer whose works in the automotive and aviation fields were groundbreaking. Stout designed an aircraft that eventually became the Ford Trimotor and was an executive at the Ford Motor Company.
14	Physics	SSZ Stradale	121	The SSZ Stradale is an automobile developed by Tom Zatloukal, an Alfa Romeo racer and restorer, and produced between 1984 and 1999. SSZ stands for Sprint Speciale Zatloukal. Based on the Giulietta SS, the aim was to produce a high performance version with a lightweight and wider body than the standard production SS. The original intent had been to produce a one-off vehicle for personal use. The car was well received at Alfa club events and Alfa historian Pat Braden nicknamed the car "The Zatmobile" and published photos in Alfa Owner magazine. A second car was built for Joe Benson, author of the Alfa Romeo Buyers Guide. After several other people expressed interest in purchasing a car, SSZ Motorcars was born.
15	Physics	SSC North America	32	SSC North America is an American automobile manufacturer founded in 1998 by owner Jerod Shelby. The company is based in Richland, in the Tri-Cities, Washington and specializes in the production of hypercars.
16	Physics	Spaulding Manufacturing Company	198	The Spaulding Manufacturing Company is a complex of historic buildings located in Grinnell, Iowa, United States. Vermont native H.W. Spaulding settled in Grinnell in 1876 to open a blacksmith and wagon repair shop. Not long after, he started to manufacture wagons. Because of his modest success he entered into a series of partnerships over the years. The oldest building in the complex was completed around 1880, and the company grew to a complex of five buildings. The last building was completed in 1910, and has a masonry chimney that originally rose to 110 feet (34 m) high. All the buildings are brick construction, and they range in height from two floors to three floors. As modes of transportation began to change, so did Spaulding. The company began manufacturing automobiles. They were one of several early automobile manufacturers that had existing operations that manufactured bicycles, wagons, and carriages. They went out of business in 1929. Since that time the facility has housed a variety of small-scale manufactures, and even a veterinary clinic. Part of the plant has been renovated and now houses the Iowa Transportation Museum. The complex was listed on the National Register of Historic Places in 1978.
17	Physics	Shay Motors Corporation	86	Shay Motors Corporation was a automobile company founded by Harry J. Shay in February 1978 as the Model A & Model T Motor Car Reproduction Corporation. Harry Shay arranged with Ford Motor Company to build a limited run, modern-day reproduction of the Ford Model A Roadster, with a rumble seat, that was to be sold through the network of Ford Automobile Dealers and built in Battle Creek, Michigan. It was hoped that displaying the vehicles in Ford dealer showrooms would increase potential customer visits and sales.
18	Physics	Saleen	60	Saleen Automotive, commonly known as Saleen /səˈliːn/, is an American manufacturer of specialty high-performance sports cars and high-performance automotive parts. Saleen is headquartered in Corona, California, USA. On June 26, 2013 Saleen Automotive, Inc became public through a reverse merger. It is listed on the OTC Bulletin Board and is controlled and majority owned by Saleen brand founder Steve Saleen.
19	Physics	Ronn Motor Group	11	Ronn Motor Group (RMG) is an automaker based in Scottsdale, Arizona.
20	Physics	Rivian	86	Rivian is an American automaker and automotive technology company. Founded in 2009, the company develops vehicles, products and services related to sustainable transportation. The company has facilities in Plymouth, Michigan; Normal, Illinois; San Jose and Irvine, California; and the United Kingdom. In 2017, Rivian announced it was building an electric sport utility vehicle (SUV) and pickup truck on a platform that executives claim can be modified for future vehicles or adapted by other companies, with both vehicles semi-autonomous and designed for on-road and off-road driving.
21	Physics	Rezvani Automotive Designs	55	Rezvani Motors is an automotive designer and manufacturer of high-performance supercars based in Irvine, California. Rezvani Motors was founded by Iranian-American entrepreneur Ferris Rezvani, one of the designers of Vencer's Sarthe supercar who formerly worked with Aston Martin, Ferrari, and DBC. The company's main product is the Rezvani Beast, a self-funded project by Rezvani.
22	Physics	RAESR	62	RAESR is an American automobile manufacturer founded in 2014 in Los Angeles, California by Eric Rice. The company is based in Los Angeles, California and specializes in the production of electric supercars. Their prototype model the "Tachyon Speed" was first introduced to the public in late 2017 through an electric vehicle infrastructure series made by E.ON, one of Europe's largest energy conglomerates.
23	Physics	Racefab Inc.	11	Racefab Inc. is a company formed by Joel Jackson in 1991.
24	Physics	Pierce-Arrow Motor Car Company	43	The Pierce-Arrow Motor Car Company was an American motor vehicle manufacturer based in Buffalo, New York, which was active from 1901 to 1938. Although best known for its expensive luxury cars, Pierce-Arrow also manufactured commercial trucks, fire trucks, camp trailers, motorcycles, and bicycles.
25	Physics	Panoz	41	Panoz is an American manufacturer of sports automobiles founded in 1989 as Panoz Auto Development by Dan Panoz and currently owned by Don Panoz. Panoz products have included the Panoz Roadster and AIV Roadster, the Panoz Esperante, and the Panoz Avezzano.
26	Physics	Packard	44	Packard was an American luxury automobile marque built by the Packard Motor Car Company of Detroit, Michigan, United States. The first Packard automobiles were produced in 1899, and the last Detroit-built Packard in 1956, when they built the Packard Predictor, their last concept car.
27	Physics	Oldsmobile	130	Oldsmobile was a brand of American automobiles produced for most of its existence by General Motors. Olds Motor Vehicle Co. was founded by Ransom E. Olds in 1897. It produced over 35 million vehicles, including at least 14 million built at its Lansing, Michigan factory alone. During its time as a division of General Motors, it slotted into the middle of GM's five divisions, and was noted for its testing of groundbreaking technology and designs, most notably the "Rocket V8" engine. In 1985, over 1 million Oldsmobiles were sold, but by the 1990s the division was tasked with competing with import brands. When it was shut down in 2004, Oldsmobile was the oldest surviving American automobile marque, and one of the oldest in the world, after Peugeot, MAN, and Tatra.
28	Physics	Oakland Motor Car Company	46	The Oakland Motor Car Company of Pontiac, Michigan, was an American automobile manufacturer and division of General Motors. Purchased by General Motors in 1909, the company continued to produce modestly priced automobiles until 1931 when the brand was dropped in favor of the division's Pontiac make.
29	Physics	Nikola Motor Company	41	Nikola Motor Company is an American hybrid truck design company based in Phoenix, Arizona, where it also has its research and development operations. It was founded in 2014 in Salt Lake City, Utah. The company is named after inventor Nikola Tesla.
30	Physics	Nash Motors	48	Nash Motors Company was an American automobile manufacturer based in Kenosha, Wisconsin, in the United States from 1916 to 1937. From 1937 to 1954, Nash Motors was the automotive division of the Nash-Kelvinator Corporation. Nash production continued from 1954 to 1957 after the creation of American Motors Corporation.
31	Physics	Myers Motors	72	Myers Motors is a small automobile company operating in Tallmadge, Ohio. Their vehicle, the Myers Motors NmG is a single-passenger, three-wheeled, battery electric vehicle designed specifically for commuting and city driving. It was initially produced by Corbin Motors as the Sparrow and now by Myers Motors. It is a Personal Electric Vehicle (PEV). The company is developing the Duo, a two-passenger EV with a similar design, but using more advanced battery technology.
32	Physics	Miles Electric Vehicles	46	Miles Electric Vehicles was a manufacturer and distributor of all-electric vehicles manufactured by FAW Tianjin in China that met international car safety standards. Miles was given the "Electric Car Company of 2007" award by Good Clean Tech. The company filed for bankruptcy on June 11, 2013.
33	Physics	Meyers Manx, Inc.	133	The Meyers Manx dune buggy is a small recreationally-oriented automobile, designed initially for desert racing by Californian engineer, artist, boat builder and surfer Bruce F. Meyers. It was produced by his Fountain Valley, California company, B. F. Meyers & Co. from 1964 to 1971, in the form of car kits applied to shortened chassis of Volkswagen Beetles. The car line dominated dune racing in its time, breaking records immediately, and was eventually also released in street-oriented models, until the company's demise due to tax problems after Meyers's departure. New vehicles inspired by the original Manx buggy have been produced by Meyers's re-founded operation, Meyers Manx, Inc., since 2000. The name and cat logo of the brand derives from the Manx cat, by virtue of the tailless breed's and the shortened vehicle's truncated "stubbiness".
34	Physics	Mercury (automobile)	67	Mercury is a defunct division of the U.S. automobile manufacturer Ford Motor Company. Marketed as an entry-level premium brand for nearly its entire existence, Mercury was created in 1938 by Edsel Ford to bridge the price gap between the Ford and Lincoln vehicle lines. In a similar context, Buick and Oldsmobile served the same role within General Motors while Mercury competed against the namesake brand of Chrysler.
35	Physics	Mercedes-Benz USA	46	Mercedes-Benz USA, LLC (MBUSA) is the distributor for passenger cars of Daimler AG in the United States located in Sandy Springs, Georgia, USA. It is a subsidiary of Daimler AG and today sells cars from the Mercedes-Benz and Smart brands, as well as the Mercedes-Benz Transporter.
36	Physics	Margay Products Inc.	19	Margay is a kart chassis manufacturer that designs and builds sprint and endurance karts in St. Louis, Missouri, USA.
37	Physics	Lyons Motor Car	51	Lyons Motor Car is a US based automobile developer/manufacturer focused on creating "An American hyper performance sports car company" to compete with luxury European sports car companies. Lyons Motor Car was established in 2014 and is based in New York City. The company is developing their first vehicle, the LM2 Streamliner.
38	Physics	Lucid Motors	25	Lucid Motors, Inc. is an American automotive company specializing in electric cars. The company was founded in 2007, and it is based in Newark, California.
39	Physics	Lost Cause Motors	39	Lost Cause Motors was an American automobile manufacturer, based in Louisville, Kentucky from 1963 to 1964. Its founder, Charles P. Farmsley, had previously been mayor of Louisville and worked at the coachbuilding company Derham Body Company in Rosemont (Pennsylvania).
40	Physics	Lone Star (1920 automobile)	79	The Lone Star was made by the Lone Star Motor Truck and Tractor Association, San Antonio, Texas, from 1920 to 1922. It was available as a 4-30 or 6-40, both utilizing Lycoming power units. Both open and closed models were listed for sale. The cars were manufactured for Lone Star by Piedmont of Lynchburg, Virginia. Advertisements listed the 4-30 model for sale at $1545, about three times the cost of a Ford or Chevrolet of the same time period.
41	Physics	Local Motors	73	Local Motors is an American motor vehicle manufacturing company focused on low-volume manufacturing of open-source motor vehicle designs using multiple microfactories. It was founded in 2007 with headquarters in Phoenix, Arizona. The company’s current vehicles include the Rally Fighter and their 3D-printed Strati and Swim vehicles. The company develops vehicles using 3D Printing and utilizes vehicle designs provided by the online community. In 2016, the company introduced an autonomous electric-powered shuttle named Olli.
42	Physics	Lincoln Motor Company	60	Lincoln, formally the Lincoln Motor Company, is the luxury vehicle division of American auto company Ford. Marketed among the top luxury brands in the United States, Lincoln has competed closely against Cadillac for nearly its entire existence. Lincoln has the distinction of establishing the personal luxury car segment, with the entry of the Lincoln Continental into mass production in 1940.
43	Physics	Jeep	51	Jeep is a brand of American automobile and division of FCA US LLC, a wholly owned subsidiary of the Italian-American corporation Fiat Chrysler Automobiles. Jeep has been a part of Chrysler since 1987, when Chrysler acquired the Jeep brand, along with remaining assets, from its previous owner American Motors Corporation (AMC).
44	Physics	Intermeccanica	34	Intermeccanica  is an automobile manufacturer, founded in Torino, Italy, in 1959 by Frank Reisner. It subsequently moved first to the United States, then to Canada, and is currently headed by Frank's son, Henry Reisner.
45	Physics	Hudson Motor Car Company	47	The Hudson Motor Car Company made Hudson and other brand automobiles in Detroit, Michigan, U.S., from 1909 to 1954. In 1954, Hudson merged with Nash-Kelvinator to form American Motors Corporation (AMC). The Hudson name was continued through the 1957 model year, after which it was discontinued.
46	Physics	Herring Motor Car Company Building	171	The Herring Motor Car Company Building, also known as 10th Street Lofts, is an historic building located in downtown Des Moines, Iowa, United States. The building is a six-story brick structure that rises 90 feet (27 m) above the ground. It was designed by the Des Moines architectural firm of Proudfoot, Bird & Rawson in the Classical Revival style. Clyde L. Herring had the building built in 1912 and it was completed the following year. It was originally a four-story building and two more floors were added 18 months after it was originally built. By 1915 the company was building 32 Ford automobiles a day, and had delivered “more automobiles than any other one automobile agency in the United States”. Along with the neighboring Standard Glass and Paint Company Building it is part of the same loft apartment complex. The National Biscuit Company Building on the other side of the building has also been converted into an apartment building. It was listed on the National Register of Historic Places in 2004.
47	Physics	H. C. S. Motor Car Company	37	H. C. S. Motor Car Company was a short-lived Indianapolis, Indiana, automobile manufacturer. It may have built as many as 3,000 cars between the summer of 1920 and 1926, when its doors were closed by its creditors.
48	Physics	GMC (automobile)	72	General Motors Company (GMC), formally the GMC Division of General Motors LLC, is a division of the American automobile manufacturer General Motors (GM) that primarily focuses on trucks and utility vehicles. GMC sells pickup and commercial trucks, buses, vans, military vehicles, and sport utility vehicles marketed worldwide by General Motors. In North America, GMC dealerships are almost always also Buick dealerships, allowing the same dealer to market both upscale cars and trucks.
49	Physics	Global Electric Motorcars	56	Global Electric Motorcars (GEM) is an American manufacturer in the low-speed vehicle category, producing neighborhood electric vehicles (NEVs) since 1998, low-speed vehicles (LSVs) since 2001. It has sold more than 50,000 GEM battery-electric vehicles worldwide as of October 2015. GEM was formerly owned by Chrysler. Since 2011 it is a wholly owned subsidiary of Polaris Industries.
50	Physics	General Motors	91	General Motors Company, commonly referred to as General Motors (GM), is an American multinational corporation headquartered in Detroit that designs, manufactures, markets, and distributes vehicles and vehicle parts, and sells financial services, with global headquarters in Detroit's Renaissance Center. It was originally founded by William C. Durant on September 16, 1908 as a holding company. The company is the largest American automobile manufacturer, and one of the world's largest. As of 2019, General Motors is ranked #13 on the Fortune 500 rankings of the largest United States corporations by total revenue.
51	Physics	Ford Motor Company	118	Ford Motor Company, commonly known as Ford, is an American multinational automaker that has its main headquarters in Dearborn, Michigan, a suburb of Detroit. It was founded by Henry Ford and incorporated on June 16, 1903. The company sells automobiles and commercial vehicles under the Ford brand, and most luxury cars under the Lincoln brand. Ford also owns Brazilian SUV manufacturer Troller, an 8% stake in Aston Martin of the United Kingdom and a 32% stake in Jiangling Motors. It also has joint-ventures in China, Taiwan, Thailand, Turkey, and Russia. The company is listed on the New York Stock Exchange and is controlled by the Ford family; they have minority ownership but the majority of the voting power.
52	Physics	Faraday Future	59	Faraday Future is an American start-up technology company focused on the development of electric vehicles. It was founded by Chinese businessman Jia Yueting in 4 April 2014 and is headquartered in Los Angeles, California, in the Harbor Gateway neighborhood, which is adjacent to Carson, California. Since its inception in 2014, the company grew to 1000 employees by January 2016.
53	Physics	Falcon Motorsports	36	Falcon Motorsports is an American manufacturer of high performance automobiles, most notably the Falcon F series Falcon F5 and Falcon F7. The Michigan-based company was founded in 2009 by American automotive designer and engineer Jeff Lemke.
54	Physics	Elio Motors	18	Elio Motors is a company founded by Paul Elio in 2009, to design a three-wheeled, enclosed autocycle.
55	Physics	Edsel	124	Edsel is an automobile brand that was planned, developed, and manufactured by the Ford Motor Company for model years 1958 to 1960. With the Edsel brand, Ford had expected to make significant inroads into the market share of both General Motors and Chrysler and close the gap between itself and GM in the domestic American automotive market. Ford invested heavily in a yearlong teaser campaign leading consumers to believe that Edsels were the cars of the future – an expectation they failed to meet. After being unveiled to the public, they were considered to be unattractive, overpriced, and overhyped. Edsels never gained popularity with contemporary American car buyers and sold poorly. The Ford Motor Company lost $250 million on Edsel development, manufacturing, and marketing.
56	Physics	Eagle (automobile)	45	Eagle was a marque of the Chrysler Corporation following the purchase of American Motors Corporation (AMC) in 1987 and marketed through the end of the 1998 model year. It was aimed at the enthusiast driver and promoted as more "European" than the automaker's similar models.
57	Physics	Durant (automobile)	68	The Durant was a make of automobile assembled by Durant Motors Corporation of New York City, New York from 1921 to 1926 and again from 1928 to 1932. Durant Motors was founded by William "Billy" Durant after he was terminated, for the second and final time, as the head of General Motors. Billy Durant's intent was to build an automotive empire that could one day challenge General Motors.
58	Physics	Duesenberg	113	Duesenberg Motors Company was an American manufacturer of race cars and high-end luxury automobiles. It was founded by brothers August and Frederick Duesenberg in 1913 in Saint Paul, Minnesota, where they built engines and race cars. The brothers moved their operations to Elizabeth, New Jersey, in 1916 to manufacture engines for World War I. In 1919, when their government contracts were cancelled, they moved to Indianapolis, Indiana, home of the Indianapolis Motor Speedway, and established the Duesenberg Automobile and Motors Company, Inc. (Delaware). In late 1926, E.L. Cord added Duesenberg to his Auburn Automobile Company. With the market for expensive luxury cars severely undercut by the Great Depression, Duesenberg folded in 1937.
59	Physics	Du Pont Motors	41	Du Pont Motors was founded by E. Paul du Pont to produce marine engines for the Allied nations during World War I. After the war, the Du Pont Motor Company produced extremely high-end automobiles. The cars were manufactured in Wilmington, Delaware.
60	Physics	Driggs-Seabury	56	Driggs-Seabury Ordnance Company was founded in 1897 by William H. Driggs and Samuel Seabury, both US Navy officers, in partnership with Louis Labodie Driggs, originally to produce guns for the US Army and US Navy designed by the partners. After a few reorganizations and an entry into the motor vehicle market, the company dissolved in 1925.
61	Physics	Dodge	36	Dodge is an American brand of automobile manufactured by FCA US LLC, based in Auburn Hills, Michigan. Dodge vehicles currently include performance cars, though for much of its existence Dodge was Chrysler's mid-priced brand above Plymouth.
62	Physics	DeSoto (automobile)	72	DeSoto is an American automobile marque that was manufactured and marketed by the DeSoto Division of the Chrysler Corporation from 1928 to the 1961 model year. De Soto vehicles were part of the demise of several well-established marques in the late-1950s that included Hudson, Nash, and Packard nameplates that had all disappeared from the marketplace by the early-1960s. Over two million vehicles were built for markets in the United States and Canada.
63	Physics	DDR Motorsport	37	The Grullon GT is a sports car manufactured by DDR Motorsport Miami Inc. in Miami, Florida, United States. The design is mid engined, rear wheel drive layout, with a tubular steel space frame chassis and composite body.
64	Physics	Coda Automotive	100	CODA Automotive Inc. is a privately held American company headquartered in Los Angeles, California, that designs, semi manufactures lithium-iron phosphate (LiFePO4) battery systems built for automotive and power storage utility applications. The company initially sold electric cars. Miles Automotive partnered with Hafei and Qingyuan Electric Vehicle to establish Coda Automotive as an affiliate company. The name CODA comes from the musical term for the concluding passage of a piece of music. CODA Automotive has said that it chose the name because its electric vehicle technology represents an end for combustion engine vehicles, and the start of the electric vehicle era.
65	Physics	Coachcraft Ltd.	69	Coachcraft Ltd. of North Hollywood California built several modified cars that are generally regarded as the first examples of "custom cars", as contrasted to the coachbuilt cars with custom bodies which were purchased new in the 1930s. Strother MacMinn called the "Yankee Doodle Roadster" by Coachcraft the “first American custom sports car." Many pictures of this car can be seen by looking at the web pages in these references:
66	Physics	Chrysler	123	Chrysler is one of the "Big Three" automobile manufacturers in the United States, headquartered in Auburn Hills, Michigan. The original Chrysler Corporation was founded in 1925 by Walter Chrysler from the remains of the Maxwell Motor Company. In 1998, it was acquired by Daimler-Benz, and the holding company was renamed DaimlerChrysler. After Daimler divested Chrysler in 2007, the company existed as Chrysler LLC (2007–2009) and Chrysler Group LLC (2009–2014) before merging in 2014 with Italian holding company Fiat S.p.A. and becoming a subsidiary of its successor Fiat Chrysler Automobiles. In addition to the Chrysler brand, FCA sells vehicles worldwide under the Dodge, Jeep, and Ram nameplates. Furthermore, the subsidiary includes Mopar, its automotive parts and accessories division, and SRT, its performance automobile division.
67	Physics	Chevrolet	140	Chevrolet, colloquially referred to as Chevy and formally the Chevrolet Division of General Motors Company, is an American automobile division of the American manufacturer General Motors (GM). Louis Chevrolet and ousted General Motors founder William C. Durant started the company on November 3, 1911 as the Chevrolet Motor Car Company. Durant used the Chevrolet Motor Car Company to acquire a controlling stake in General Motors with a reverse merger occurring on May 2, 1918 and propelled himself back to the GM presidency. After Durant's second ousting in 1919, Alfred Sloan, with his maxim "a car for every purse and purpose", would pick the Chevrolet brand to become the volume leader in the General Motors family, selling mainstream vehicles to compete with Henry Ford's Model T in 1919 and overtaking Ford as the best-selling car in the United States by 1929.
68	Physics	Carroll Shelby International	122	Carroll Shelby International is an American automobile manufacturer formed in 2003 from custom performance vehicle manufacturer Shelby American, when founder and owner Carroll Shelby took the company public, and additionally forming Shelby Automobiles as a subsidiary from which to continue manufacturing vehicles and parts. In 2009, "Shelby Automobiles" was officially renamed to "Shelby American", bringing back the original company name to celebrate the 45th anniversary of the 427 Cobra and GT350. Carroll Shelby Licensing is the second wholly owned subsidiary that forms Carroll Shelby International, which is based in Nevada. Shelby American manufactures component automobiles, including replicas of the small-block and large-block AC Cobras, the Shelby GT350 and the GT500 Super Snake. Since 2005, Shelby American has released new models each year.
69	Physics	Caloric (automobile)	22	The Caloric Motorcycle Company of Chicago was founded in 1898 as a motorcycle company. It later moved into auto production in 1903.
70	Physics	Cadillac	63	Cadillac is a division of the American automobile manufacturer General Motors (GM) that designs and builds luxury vehicles. Its major markets are the United States, Canada, and China. Cadillac models are distributed in 34 additional markets worldwide. Cadillac automobiles are at the top of the luxury field within the United States. In 2018, Cadillac sold 381,859 vehicles worldwide, a record for the brand.
71	Physics	Buick	82	Buick is a division of the American automobile manufacturer General Motors (GM). Named for automotive pioneer David Buick, it was among the first American marques of automobiles, and was the company that established General Motors in 1908. Before the establishment of General Motors, GM founder William C. Durant had served as Buick's general manager and major investor. Buick was the first production automobile maker in the world to equip its cars with overhead valve engines, which it did in the year 1904.
72	Physics	Brunton Auto	69	Brunton Auto is a kit car maker based in St. Petersburg, Florida. It produces a street-legal race car based on the Lotus 7, the Brunton Stalker. The company was started by Dennis Brunton in 2001. Scott Minehart took over the company in 2010. Models produced include the Stalker M-Spec, StalkerXL, and Classic R. The Annual Stalker Ambush is a gathering for the 200 owners of Brunton Auto kits cars.
73	Physics	Big Three (automobile manufacturers)	140	In the automotive industry, the term Big Three refers to a country's three largest automobile manufacturers.France's Big Three are Renault, Peugeot, and Citroën, although both Peugeot and Citroën are a part of the PSA Group and now are partners of Fiat-Chrysler.Germany's Big Three are Volkswagen AG, Mercedes-Benz, and BMW.India's Big Three are Maruti Suzuki, Mahindra, and Tata Motors.Japan's Big Three are Toyota, Nissan, and Honda.The United States' Big Three are General Motors, Ford, and Fiat Chrysler.South Korea's Big Three are Hyundai, Kia, and GM Korea, although Hyundai owns 33% of Kia.The former Italy's Big Three were Fiat, Lancia, and Alfa Romeo. Fiat eventually bought the other two major brands, and formed the Fiat Group. Italy's Big Three can also refer to the Emilian brands Ferrari, Maserati, and Lamborghini, in the supercars and luxury segment.
74	Physics	Aurica Motors	68	Aurica Motors, LLC is a start-up based out of Santa Clara, California that develops a proprietary electronic power train called the Aurica Recurve for electric cars. The company has stated its intention to partner with other investors to manufacture electric cars that utilize its electronic power train system. Aurica Motors is an offshoot of Aurica Labs, a research and development company started and funded by physicist Greg Bender.
75	Physics	Armet Armored Vehicles	41	Armet Armored Vehicles is a defunct vehicle manufacturer whose owner and CEO was indicted by the FBI for fraud and sentenced to more than five years in prison. In 2011, the company's GURKHA vehicle design was sold to Terradyne Armored Vehicles.
76	Physics	Anteros Coachworks	25	Anteros Coachworks Inc. is an American sports car manufacturer based in California. The Anteros is based on the C6 Corvette and produces 500+ supercharged horsepower.
77	Physics	Anger Engineering Company	13	The Anger Engineering Company was an automobile company from Milwaukee, Wisconsin from 1913-1915.
78	Physics	American Motors Corporation	37	American Motors Corporation (AMC) was an American automobile company formed by the merger of Nash-Kelvinator Corporation and Hudson Motor Car Company on 1 May 1954. At the time, it was the largest corporate merger in U.S. history.
79	Physics	American Honda Motor Company	80	The American Honda Motor Company, Inc. is a North American subsidiary of the Honda Motor Company, Ltd. It was founded in 1959. The company combines product sales, service and coordinating functions of Honda in North America, and is responsible for distribution, marketing and sales of Honda and Acura brand automobiles, Honda power sports products, including motorcycles, scooters and all-terrain vehicles, and Honda power equipment products, including lawnmowers, tillers, string trimmers, generators, small displacement general-purpose engines and marine outboard engines.
80	Physics	AM General	50	AM General is an American heavy vehicle and contract automotive manufacturer based in South Bend, Indiana. It is best known for the civilian Hummer and the military Humvee that are assembled in Mishawaka, Indiana. For a relatively brief period, 1974–1979, the company also manufactured transit buses, making more than 5,400.
1	Physics	Unic	59	Unic was a French manufacturer founded in 1905, and active as an automobile producer until July 1938. After this the company continued to produce commercial vehicles, retaining its independence for a further fourteen years before being purchased in 1952 by Henri Pigozzi, who was keen to develop Unic as a commercial vehicle arm of the then flourishing Simca business.
2	Physics	Toyota Motor Manufacturing France	45	Toyota Motor Manufacturing France S.A.S., or better known under its acronym TMMF, is the French automobile manufacturing division of Japanese automaker Toyota located in Onnaing near the city of Valenciennes. The company was founded in 1998 as a subsidiary of Toyota Motor Europe N/V S/A.
3	Physics	Tholomé	19	 M.Tholomé  was an automobile manufacturer based on the north side of Paris between 1919 and 1922, which produced cyclecars.
4	Physics	Talbot	60	Talbot or Clément-Talbot Limited was a British automobile manufacturer founded in 1903. Clément-Talbot's products were named just Talbot from shortly after introduction, but the business remained Clément-Talbot Limited until 1938 when it was renamed Sunbeam-Talbot Limited. The founders, Charles Chetwynd-Talbot, 20th Earl of Shrewsbury and Adolphe Clément-Bayard, reduced their financial interests in their Clément-Talbot business during the First World War.
5	Physics	Stabilia (automobile)	52	 Automobiles Stabilia  was an automobile manufacturer based on the north side of Paris between 1906 and 1930. Although the name of the company changed a couple of times, the cars were branded with the Stabilia name throughout this period. The company specialised in lowered cars featuring a special patented type of suspension.
6	Physics	Société des Automobiles Pilain (SAP)	16	 Société des Automobiles Pilain (SAP) was an automobile manufacturer based in Lyon between 1902 and 1920.
7	Physics	Simplex (French automobile manufacturer)	14	Simplex is an automobile manufacturer that existed briefly, in France, between 1919 and 1921.
8	Physics	Simca	96	Simca was a French automaker, founded in November 1934 by Fiat and directed from July 1935 to May 1963 by Italian Henri Théodore Pigozzi. Simca was affiliated with Fiat and, after Simca bought Ford's French activities, became increasingly controlled by the Chrysler Group. In 1970, Simca became a subsidiary and brand of Chrysler Europe, ending its period as an independent company. Simca disappeared in 1978, when Chrysler divested its European operations to another French automaker, PSA Peugeot Citroën. PSA replaced the Simca brand with Talbot after a short period when some models were badged as Simca-Talbots.
9	Physics	SECMA	10	SECMA is a French automobile manufacturer located in Aniche, France.
10	Physics	Salmson	69	Salmson is a French engineering company. Initially a pump manufacturer, it turned to automobile and aeroplane manufacturing in the 20th century,returning to pump manufacturing in the 1960s, and re-expanded to a number of products and services in the late 20th and into the 21st century. It is headquartered in Chatou and has production facilities in Laval. It has subsidiaries in Argentina, Italy, Lebanon, Portugal, South Africa and Vietnam.
11	Physics	Ruby (car)	19	Ruby was a French manufacturer of cyclecars. After automobile production ended they remained in business as an engine builder.
12	Physics	Automobiles L. Rosengart	0	
13	Physics	Reyonnah	16	Reyonnah is a former French automaker. It produced 16 cycle-car style vehicles between 1951 and 1954.
14	Physics	Automobiles Rally	57	Automobiles Rally was a small company which made sporting automobiles in Colombes, a northwestern suburb of Paris. The company traded from 1921 until 1933, but they did not manage to survive the Great Depression. Known for sporting and handsomely designed cars, Rally competed with other French cyclecar makers of the era such as Amilcar, B.N.C., and Salmson.
15	Physics	Groupe PSA	45	Groupe PSA is a French multinational manufacturer of automobiles and motorcycles sold under the Peugeot, Citroën, DS, Opel and Vauxhall brands. Peugeot is the largest PSA brand. PSA is listed on the Euronext Paris stock exchange and is a constituent of the CAC 40 index.
16	Physics	Poinard	25	Poinard is a former French auto-maker. The vehicles commenced development in 1951, were presented to the public in 1952, and withdrawn from production in 1953.
17	Physics	PGO (Automobile)	40	PGO Automobiles is a French car manufacturer, producing exclusive series' of sports cars. The brand operates in the same special market as Lotus, Wiesmann, Donkervoort and Morgan. Their cars are considered an appropriate solution for connoisseurs seeking individuality and style.
18	Physics	Société Parisienne	60	Société Parisienne was a French manufacturer of velocipedes, bicycles and tricycles from 1876. They began limited automobile construction in 1894 and regular light car (voiturette) construction in 1898 or 1899, and they ceased operation in 1903. The vehicles, variously known as Parisienne, Victoria Combination, Eureka, l'Eclair, Duc-Spider and Duc-Tonneau, were manufactured by Société Parisienne E. Couturier et Cie of Paris.
19	Physics	Panhard	67	Panhard was a French motor vehicle manufacturer that began as one of the first makers of automobiles. It was a manufacturer of light tactical and military vehicles. Its final incarnation, now owned by Renault Trucks Defense, was formed by the acquisition of Panhard by Auverland in 2005, and then by Renault in 2012. In 2018 Renault Trucks Defense, ACMAT and Panhard combined under a single brand, Arquus.
20	Physics	Norma Auto Concept	21	Norma Auto Concept is a French constructor of racing cars. It was founded in 1984 by Norbert Santos and Marc Doucet.
21	Physics	New-Map	62	New-Map is a former French manufacturer of motor-bikes and, more recently, of very small cars and delivery vehicles. The business of powered vehicle production was instigated by Paul Martin at the bicycle plant that had been founded by his father, Joseph Martin, at the end of the previous century. The motor-bike and small vehicle business operated from Lyon between 1920 and 1956.
22	Physics	Navya SAS	16	Navya is a French company specialized in the design and construction of autonomous and electric vehicles.
23	Physics	MPM Erelis	23	The 'Erelis' is the first car produced by the French- Russian car manufacturer MPM Motors from 2016. It is a modified Tagaz Aquila.
24	Physics	Motor Development International	21	Motor Development International SA (MDI) is a French company designing compressed air car prototypes marketed under the title "the Air car".
25	Physics	Mors (automobile)	60	The Mors automobile factory was an early French car manufacturer. It was one of the first to take part in automobile racing, beginning in 1897, due to the belief of the company founder, Émile Mors, in racing's technical and promotional benefits. By the turn of the century, automobile racing had become largely a contest between Mors and Panhard et Levassor.
26	Physics	Mochet	45	Georges Mochet began to produce cycle-cars at his, now-demolished, premises at 68, Rue Roque-de-Fillol at Puteaux in approximately 1946 and by about 1952 had progressed to more modern looking two seater micro-cars and powered two-wheelers. In 1958, with approximately 3,000 vehicles manufactured, production ended.
27	Physics	Microcar (brand)	102	Microcar is a French microcar manufacturer. The company was founded in 1984 as a division of Bénéteau group, a major sailboat manufacturer. Production moved to a new custom-built factory in September 2000. In September 2008, Microcar was acquired by Ligier Automobiles in a deal backed by the Italian private equity firm 21 Investimenti Partners. The merger created Europe's second-biggest manufacturer of microcars, and largest maker of quadricycles, or "sans permis" (license-exempt) vehicles. The Microcar and Ligier brands are to retain their separate identities and production facilities. Phillipe Ligier, son of company founder Guy Ligier, is CEO of the expanded Ligier Automobiles.
28	Physics	Matra	39	Mécanique Aviation Traction or Matra was a French company covering a wide range of activities mainly related to automobiles, bicycles, aeronautics and weaponry. In 1994, it became a subsidiary of the Lagardère Group and now operates under that name.
29	Physics	Mathis (cars)	28	Mathis S. A. was an automobile manufacturer in Alsace that produced cars between 1910 and 1950. Founder Émile Mathis (1880–1956) was born in Strasbourg and died in Geneva.
30	Physics	Matford	13	Matford was a car and truck manufacturer in France from 1934 to 1940.
31	Physics	Martin-Spéciale	16	The Martin was a car developed in Paris by Eugène Martin. Only a handful were made.
32	Physics	Marbais and Lasnier	9	Marbais et Lasnier was a French manufacturer of automobiles.
33	Physics	Malicet et Blin	49	Malicet & Blin (M.A.B.) was a French manufacturer of bicycles, car components, cars and aero engines from 1890 until 1925. They expanded into the motor industry in 1897 and aero engines in 1914. They produced both incomplete and entire cars for the UK market which were badged as Marlborough
34	Physics	Lorraine-Dietrich	53	Lorraine-Dietrich was a French automobile and aircraft engine manufacturer from 1896 until 1935, created when railway locomotive manufacturer Société Lorraine des Anciens Etablissements de Dietrich et Cie de Lunéville branched into the manufacture of automobiles. The Franco-Prussian War divided the company's manufacturing capacity, one plant in Niederbronn-les-Bains, Alsace, the other in Lunéville, Lorraine.
35	Physics	Lion-Peugeot	36	Lion-Peugeot is a formerly independent French auto-maker. It is the name under which in 1906 Robert Peugeot and his two brothers, independently of the established Peugeot car business, began to produce automobiles at Beaulieu near Valentigney.
36	Physics	Ligier	41	Ligier is a French automobile and minibus maker created by former racing driver and rugby player Guy Ligier, specialized in the manufacturing of microcars.Ligier is best known for its involvement in the Formula 1 World Championship between 1976 and 1996.
37	Physics	Hotchkiss (car)	38	Hotchkiss were luxury cars made between 1903 and 1955 by the French company Hotchkiss et Cie in Saint-Denis, Paris. The badge for the marque showed a pair of crossed cannons, evoking the company's history as an arms manufacturer.
38	Physics	Hommell	104	Hommell is a French Automobile manufacturer, started in 1990 by Michel Hommell, a former racing driver and the owner of Échappement, a French car magazine. The company is based in Lohéac, near Rennes, Brittany. A prototype of the kind of sports car he would like to be produced was shown at the 1990 Paris Salon, where it was well received, encouraging him to go ahead with a production version. This was shown at the 1994 Geneva Motor Show. The 2 seat sports coupe is powered by a mid-mounted 2.0lt Peugeot engine and 6 speed gearbox in a tubular steel chassis with all-round independent suspension.
39	Physics	Gautier–Wehrlé	14	Gautier–Wehrlé was a French manufacturer of steam, petrol and electric powered vehicles from 1894-1900.
40	Physics	E.H.P.	6	E.H.P. was a French automobile manufacturer.
41	Physics	Dolo (automobile)	13	The Dolo was a French automobile advertised and exhibited during 1947 and 1948.
42	Physics	Delaugère et Clayette	11	Delaugère et Clayette was a car manufacturer based in Orléans, France.
43	Physics	Delahaye	108	Delahaye automobile was an automotive manufacturing company founded by Émile Delahaye in 1894, in Tours, France, his home town. His first cars were belt-driven, with single- or twin-cylinder engines mounted at the rear. His Type One was an instant success, and he urgently needed investment capital and a larger manufacturing facility. Both were provided by a new Delahaye owner and fellow racer, George Morane, and his brother-in-law Leon Desmarais, who partnered with Émile in the incorporation of the new automotive company, "Societe Des Automobiles Delahaye", in 1898. All three worked with the foundry workers to assemble the new machines, but middle-aged Émile was not in good health.
44	Physics	Delage	31	Delage was a French luxury automobile and racecar company founded in 1905 by Louis Delage in Levallois-Perret near Paris; it was acquired by Delahaye in 1935 and ceased operation in 1953.
45	Physics	De La Chapelle	29	DeLaChapelle is a French independent car builder. Founded in the early 1970s by Xavier De La Chapelle, a former Venturi director, the brand started as a Bugatti replica maker.
46	Physics	Le Dauphin	34	Le Dauphin was a French auto-maker established in the 3rd arrondissement of Paris by André L. Dauphin. The company first presented a small two-seater cyclecar in the spring of 1941; production ended in 1942.
47	Physics	Dangel	66	Automobiles Dangel is a French specialist automobile company based in Sentheim, Alsace. It has produced 4x4 versions of Citroën and Peugeot vehicles since 1980. Its first conversion was the Peugeot 504 and since then Dangel has converted over 22,000 vehicles. Originally a producer of competition cars, beginning in the late sixties, their first four-wheel drive conversions were developed with the direct assistance of Peugeot's own engineers.
48	Physics	CTA-Arsenal	80	The CTA-Arsenal is a French racing car which was developed by the Centre for the study of car and cycle technology then abbreviated as CTA but today renamed as the UTAC and constructed by Arsenal at Châtillon. Two cars were eventually built. The car was intended as the French “national single seat racing car” to compete against Alfa Romeo but the project was abandoned because the car proved incapable of finishing the races in which it was scheduled to appear.
49	Physics	Automobiles Claveau	46	 Claveau  is a former French automaker. The company began manufacturing cars in Paris in 1923. By 1956, the company had ceased production. Émile Claveau was recognized more as an innovator of experimental and sometimes inspirational engine designs rather than as a manufacturer of cars for sale.
50	Physics	Citroën	25	Citroën is a French automobile manufacturer founded in 1919 by the French industrialist André-Gustave Citroën, and part of the PSA Peugeot Citroën group since 1976.
51	Physics	CIME	27	C.I.M.E., CIME, La Compagnie Industrielle des Moteurs a Explosion,, was a French manufacturer of light proprietary engines, mainly four-cylinder units. CIME also built light automobiles in 1929.
52	Physics	Bugatti Automobiles	42	Bugatti Automobiles S.A.S. is a French high-performance luxury automobiles manufacturer and a subsidiary of Volkswagen AG, with its head office and assembly plant in Molsheim, Alsace, France. Volkswagen purchased the Bugatti trademark in June 1998 and incorporated Bugatti Automobiles S.A.S. in 1999.
53	Physics	Bugatti	65	Automobiles Ettore Bugatti was a French car manufacturer of high-performance automobiles, founded in 1909 in the then-German city of Molsheim, Alsace by the Italian-born industrial designer Ettore Bugatti. The cars were known for their design beauty and for their many race victories. Famous Bugattis include the Type 35 Grand Prix cars, the Type 41 "Royale", the Type 57 "Atlantic" and the Type 55 sports car.
54	Physics	Bollack Netter and Co	31	Bollack, Netter, et Cie (French: Bollack Netter et compagnie), more commonly known as B.N.C., was a small automobile company in Paris situated on Avenue de Paris 39, in the Levallois-Perret district.
55	Physics	Automobiles Boitel	6	Boitel is a former French automaker.
56	Physics	Bignan (automobile)	33	The Bignan was a French automobile manufactured between 1918 and 1931 on the north-side of central Paris, in Courbevoie. The business was created, and till the mid 1920s headed up, by Jacques Bignan.
57	Physics	Bellanger (automobile)	29	Société des Automobiles Bellanger Frères was a French automobile manufacturer between 1912 and 1925. The cars were the brainchild of Robert Bellinger (1884-1966), who had previously sold Delaunay-Belleville vehicles.
58	Physics	Automobiles Talbot France	50	Automobiles Talbot France manufactured cars in Suresnes, near Paris, France. The enterprise was founded by Alexandre Darracq in February 1897. In 1902 he sold it into British control. The (subsidiary) company first known as Automobiles Darracq S.A. was formed in 1916 by London company A Darracq and Company (1905) Limited.
59	Physics	Automobiles Marathon	50	Marathon was a French automobile manufacturer established by a group of engineers under the leadership of a rally enthusiast called Bernard Denis. Prototypes for a lightweight sports coupé were presented at various motor shows starting with the 1951 Frankfurt Motor Show and the cars were produced between 1953 and 1955.
60	Physics	Automobiles Lambert	33	Lambert was a French automobile manufacturer established by Germain Lambert in 1926 at Mâcon. In commercial terms it never progressed beyond marginal viability and it withdrew from auto-making towards the end of 1953.
61	Physics	Automobiles Julien	44	Julien is a former French automobile manufacturer. The Paris based Société des Études Automobiles M. A. Julien presented its first prototype in 1946 and automaking activities came to an end in 1949, probably without any of the developments having progressed beyond the prototype stage.
62	Physics	Automobiles ERAD	8	Automobiles ERAD was a French manufacturer of microcars
63	Physics	Automobiles Chatenet	23	Automobiles Chatenet is a manufacturer of microcars based in the Haute-Vienne department of France. The company was founded in 1984 by Louis-Georges Chatenet.
64	Physics	Automobiles Bernardet	18	Bernardet is the name of a manufacturing company created by three brothers named René, Robert and Roger Bernardet.
65	Physics	Ateliers d'Automobiles et d'Aviation	25	Ateliers d’Automobiles et d’Aviation was a Paris based automobile and commercial vehicle manufacturer between 1919 and 1920. The French manufacturer was noted for electric cars.
66	Physics	Alamagny	26	Alamagny is a former French auto-maker. It is remembered because of a prototype vehicle that was exhibited at various venues in France during 1947 and 1948.
67	Physics	Aixam	37	Aixam-Mega is a French automobile manufacturer based in Aix-les-Bains, Savoie. It was founded in 1983 to make microcars following the acquisition of Arola. On April 11, 2013, US based Polaris Industries announced that it had acquired Aixam-Mega.
68	Physics	ACMA (Ateliers de construction de motocycles et d'automobiles)	20	ACMA was founded on 25 November 1950 as Ateliers de construction de motocycles et accessoires in Fourchambault, near Dijon, France.
